NickLector,contrasenia,nomppal,ap1,ap2,telefono,email,edad
fsplevings0,GELHtYIY,Freddy,Sparhawk,Splevings,791-492-0809,fsplevings0@arizona.edu,63
asprowson1,54A5bxLp,Alexi,Woolliams,Sprowson,841-268-7819,asprowson1@yahoo.com,49
bbashford2,Ek4qdTDU,Bard,Govini,Bashford,455-855-0202,bbashford2@pagesperso-orange.fr,54
bhurdman3,whJ7oAlV,Base,How to preserve,Hurdman,270-879-6955,bhurdman3@sbwire.com,71
bmalim4,uVIf7J7e,Bari,Crossan,Malim,247-548-6562,bmalim4@economist.com,47
etrevarthen5,6k44aQpM,Eward,Kimble,Trevarthen,579-726-4753,etrevarthen5@google.co.uk,20
cratazzi6,tngiYicC,Chico,Moncarr,Ratazzi,930-643-6073,cratazzi6@howstuffworks.com,72
mphillott7,QyMGevOx,Maddy,Roman,Phillott,769-781-9181,mphillott7@sogou.com,58
sflement8,8eWmbpuY,Shaw,Jedras,Flement,204-218-8731,sflement8@gizmodo.com,40
jcarabet9,6zQqtOs7,Jakob,Finnes,Carabet,224-574-1547,jcarabet9@jigsy.com,18
asidgwicka,zCuITLsi,Alicia,Shaudfurth,Sidgwick,251-507-0754,asidgwicka@free.fr,66
cbourrelb,dPBx2TZA,Consuelo,Losbie,Bourrel,216-527-6820,cbourrelb@digg.com,48
egossanc,Zt0E5yli,Erv,Deplacido,Gossan,614-856-9310,egossanc@phpbb.com,31
mredfieldd,M25ohBu2,Mauricio,McNeill,Redfield,885-932-1756,mredfieldd@webs.com,67
eilsleye,6FiHAr7v,Evelina,Bolte,Ilsley,584-552-6199,eilsleye@sphinn.com,22
eemorf,BHuGuIpb,Ericha,Grassot,Emor,395-588-7839,eemorf@jiathis.com,28
jcordseng,AeFOMOQd,Johannes,Whild,Cordsen,533-143-3471,jcordseng@sohu.com,73
bhutchingsh,Z4D9nH1Y,Becki,Cristofor,Hutchings,418-161-6400,bhutchingsh@friendfeed.com,50
sgrigolettii,iSVbhT0J,Stormy,Hicken,Grigoletti,510-244-3356,sgrigolettii@unesco.org,56
obrewittj,ep9avTSr,Osbourn,Capozzi,Brewitt,207-991-8659,obrewittj@qq.com,21
emiellk,6O4pt3NY,Edmon,Eggle,Miell,349-619-6225,emiellk@wufoo.com,45
bscranel,j2QioqZk,Bart,Gowdridge,Scrane,415-316-2504,bscranel@woothemes.com,70
yspohrm,vOjMXyeV,Yardley,Groarty,Spohr,738-132-3676,yspohrm@webmd.com,79
vbrissendenn,Ul6eRFEP,Valentia,Rammell,Brissenden,680-136-7327,vbrissendenn@skyrock.com,58
bkolakovico,1s2acf3P,Basil,Haysey,Kolakovic,367-636-4547,bkolakovico@rediff.com,20
rwillingalep,iTsLb6YC,Rivi,Joris,Willingale,819-172-3035,rwillingalep@bizjournals.com,54
dmyottq,eGhVaocI,Dorothy,Scotter,Myott,857-234-8674,dmyottq@odnoklassniki.ru,31
poutramr,joUHxka5,Penelopa,Lehrle,Outram,906-595-7492,poutramr@thetimes.co.uk,80
awethericks,J2MDu0Z6,Agnes,Larrosa,Wetherick,183-202-5029,awethericks@people.com.cn,80
lesmeadt,OEIvvEeh,Leanor,Ollis,Esmead,963-265-0973,lesmeadt@amazon.co.uk,23
creppu,uP5pVv8W,Celine,Crookshanks,Repp,641-225-2705,creppu@cornell.edu,68
lswabyv,GUX2d9wA,Lev,Jertz,Swaby,930-993-7344,lswabyv@nationalgeographic.com,17
bellifw,9cvATqcA,Bathsheba,McCuthais,Ellif,482-490-2463,bellifw@twitpic.com,53
scelesx,LiedCxVK,Starlin,Haire,Celes,742-425-3043,scelesx@amazon.com,42
dhoviey,ee370L3k,Darryl,Blackbourn,Hovie,228-705-3072,dhoviey@icio.us,66
dtrekerz,ZLKvHMWS,Domingo,Everist,Treker,252-627-8970,dtrekerz@edublogs.org,18
ndewar10,U3oQVqbs,Nissa,Lumb,Dewar,718-976-6617,ndewar10@jimdo.com,17
kwallworth11,Vp1qyCFp,Katrina,Pietzner,Wallworth,848-342-5949,kwallworth11@skyrock.com,34
mstotherfield12,3zmEzKjX,Mag,McWard,Stotherfield,806-339-7935,mstotherfield12@cornell.edu,68
fbrooksby13,5NNU3ecE,Felicia,Dower,Brooksby,157-661-5209,fbrooksby13@npr.org,30
nhulett14,0DDTn95x,Nappy,Franchioni,Hulett,114-675-9846,nhulett14@example.com,20
lpittham15,Arx4QkWJ,Luciana,Stennet,Pittham,411-474-6161,lpittham15@mayoclinic.com,75
pchislett16,ZJJQa9fT,Pat,Windross,Chislett,985-417-3537,pchislett16@drupal.org,62
ldanneil17,5K0oaQIt,Laurena,Gaines,Danneil,856-921-8247,ldanneil17@clickbank.net,26
kolcot18,ziSYXcIa,Kingston,Thirlaway,Olcot,541-611-0998,kolcot18@newyorker.com,75
dcreeber19,KA49lgOh,Derick,Gonzales,Creeber,451-267-5152,dcreeber19@guardian.co.uk,55
ljeavon1a,FbplcNGR,Lynnea,Adshead,Jeavon,884-160-7717,ljeavon1a@etsy.com,78
ofanti1b,0zWNOWB0,Osgood,Kittles,Fanti,296-292-9268,ofanti1b@marketwatch.com,34
nalvaro1c,g6XebjIO,Nettle,Ironside,Alvaro,774-605-4449,nalvaro1c@nymag.com,32
rvasey1d,7YXvIcrL,Reg,Renn,Vasey,811-112-6790,rvasey1d@github.io,23
aradborn1e,UGttKPvU,Ashby,Burnell,Radborn,613-576-5603,aradborn1e@drupal.org,53
ohannay1f,08ydf1Wl,Orly,Lamperti,Hannay,685-891-8334,ohannay1f@dion.ne.jp,61
gvango1g,AhR6JTKd,Gerda,Luchelli,Vango,136-482-9227,gvango1g@seesaa.net,36
pblackhurst1h,3wZv18qa,Palmer,Hylden,Blackhurst,630-564-6777,pblackhurst1h@weibo.com,46
aheningam1i,09sFyOls,Antonetta,Flatt,Heningam,603-977-5259,aheningam1i@creativecommons.org,67
obusain1j,V7ixxi25,Olag,Jachimczak,Busain,944-758-6018,obusain1j@tripod.com,77
ncohalan1k,j6bh7L21,Nikolos,Lamborne,Cohalan,531-393-3039,ncohalan1k@elpais.com,66
nneve1l,ymyoCuhh,Niki,Pietz,Neve,925-452-1618,nneve1l@opensource.org,26
aharrad1m,I8bufXzV,Adolf,Elloit,Harrad,719-413-8218,aharrad1m@mysql.com,75
dfairbard1n,lJzGP9s5,Dylan,Chawner,Fairbard,768-643-9131,dfairbard1n@yelp.com,21
kblondell1o,ccCh79JU,Katalin,Sawl,Blondell,932-695-2998,kblondell1o@prnewswire.com,77
bmassy1p,Fq5XBwE7,Berty,Muglestone,Massy,760-884-1428,bmassy1p@ftc.gov,30
mridett1q,ZwsfOYqj,Morna,Lightbourn,Ridett,200-696-0173,mridett1q@cmu.edu,20
ycastelow1r,pABIbgX6,Yvor,Slade,Castelow,729-687-2114,ycastelow1r@xing.com,16
ceverest1s,hHvqgSXp,Curt,Hankinson,Everest,386-296-1203,ceverest1s@microsoft.com,36
jlindfors1t,gxXWOAFo,Jenine,Pirot,Lindfors,623-979-9390,jlindfors1t@mapquest.com,61
rphittiplace1u,Xf5i87BY,Reine,Gisbye,Phittiplace,717-324-1267,rphittiplace1u@sfgate.com,24
gdennistoun1v,4AytwqLU,Gayelord,Craigmile,Dennistoun,502-330-6134,gdennistoun1v@auda.org.au,57
btarbatt1w,NcbhHK2C,Brana,Frunks,Tarbatt,232-223-8708,btarbatt1w@nbcnews.com,35
garchibald1x,XHxwGZTr,Gwenora,Easton,Archibald,388-821-9142,garchibald1x@ezinearticles.com,56
jmcelroy1y,li6F27Jx,Jerrilyn,MacTrustrie,McElroy,984-557-5032,jmcelroy1y@pagesperso-orange.fr,23
aandrez1z,1b3Q84gk,Ammamaria,Croisier,Andrez,837-278-5959,aandrez1z@wunderground.com,38
pcaney20,4O7JaHDF,Poul,Flawith,Caney,268-836-7038,pcaney20@blogs.com,16
hclimo21,CiaUNGtG,Hayden,Eccles,Climo,790-153-9592,hclimo21@google.de,77
dmcgeraghty22,ZVS3citT,Daune,Jedrzejczyk,McGeraghty,245-314-7334,dmcgeraghty22@is.gd,47
girving23,YRALs3Dp,Guglielma,Varah,Irving,244-179-4342,girving23@cbc.ca,69
ischoltis24,HbymzdQv,Ingram,McGhie,Scholtis,103-879-0912,ischoltis24@php.net,57
mspeer25,LihwT1c5,Menard,Besantie,Speer,202-398-4594,mspeer25@cornell.edu,48
mlovie26,JycNIZfr,Marijo,Weitzel,Lovie,188-713-7102,mlovie26@disqus.com,29
rbenedicte27,An2LuQwk,Raoul,Hawarden,Benedicte,138-121-8791,rbenedicte27@cocolog-nifty.com,47
mfitzalan28,yDlU93XM,Milicent,Slater,FitzAlan,641-423-7064,mfitzalan28@yolasite.com,48
tkermeen29,jqPHL5bj,Truda,Sansum,Kermeen,826-450-5727,tkermeen29@hp.com,22
jalexis2a,cRuV8aM9,Joby,Finnes,Alexis,642-220-7533,jalexis2a@youtube.com,29
vbazell2b,oxKQv2Mt,Valentine,Debney,Bazell,202-514-5019,vbazell2b@ed.gov,42
ppaur2c,uZ5u1zmo,Pancho,Beadham,Paur,889-278-0064,ppaur2c@paypal.com,18
skneel2d,zNLXFTWg,Sher,Thwaite,Kneel,426-646-8571,skneel2d@telegraph.co.uk,69
dsearch2e,lU2XZk8s,Demott,Medlin,Search,630-695-7058,dsearch2e@reference.com,32
tloton2f,pckZRlHr,Townsend,Jiri,Loton,788-306-0464,tloton2f@oracle.com,60
soreagan2g,7Duozh6m,Stevy,Pawlyn,O'Reagan,826-583-6417,soreagan2g@sun.com,54
cpochet2h,9LnGf6hk,Consalve,Ccomini,Pochet,168-836-2207,cpochet2h@over-blog.com,54
lbudget2i,pRi8FewV,Lizzie,Giamuzzo,Budget,144-331-3099,lbudget2i@bandcamp.com,60
rparagreen2j,SmQVIUaq,Rafaela,Runchman,Paragreen,717-730-0693,rparagreen2j@tinyurl.com,55
lvondracek2k,1BwyK0KG,Leeanne,Blacklock,Vondracek,638-936-7835,lvondracek2k@dropbox.com,68
cberzen2l,fPq1xwxv,Cherin,Hablot,Berzen,316-257-5068,cberzen2l@cloudflare.com,26
fdarleston2m,YrGCYMSa,Ferdinande,Wastell,Darleston,393-893-3807,fdarleston2m@google.com.hk,41
dmoxham2n,xtDSWiny,Darcy,Ketch,Moxham,663-809-5488,dmoxham2n@facebook.com,22
rchilcott2o,y2z0q5Am,Rochelle,Livermore,Chilcott,295-364-3215,rchilcott2o@ca.gov,38
mmillichip2p,RMolJQrX,Melony,O'Donovan,Millichip,110-385-5165,mmillichip2p@cmu.edu,41
elattos2q,ahB5kzH3,Elonore,Maulkin,Lattos,710-133-9490,elattos2q@latimes.com,49
ksenechell2r,9sDVCogE,Kissiah,Postlewhite,Senechell,312-663-7185,ksenechell2r@cocolog-nifty.com,74
